layer,Cotas,Cota_MDERa,Dif_MDERaf
Puntos IGN,2,1.44832,-0.552
Puntos IGN,1.7,1.23689,-0.463
Puntos IGN,8.5,6.58852,-1.911
Puntos IGN,4.6,5.23529,0.635
Puntos IGN,2.7,1.68307,-1.017
Puntos IGN,2.1,1.96818,-0.132
Puntos IGN,2.5,2.0568,-0.443
Puntos IGN,2.8,2.15971,-0.64
Puntos IGN,2.3,1.7748,-0.525
Puntos IGN,2.3,1.84538,-0.455
Puntos IGN,2.9,1.91942,-0.981
Puntos IGN,2.3,1.78351,-0.516
Puntos IGN,2.9,1.88145,-1.019
Puntos IGN,3,1.85092,-1.149
Puntos IGN,1.7,1.82869,0.129
Puntos IGN,1.8,1.91806,0.118
Puntos IGN,1.9,1.55293,-0.347
Puntos IGN,2,1.696,-0.304
Puntos IGN,3.9,2.12284,-1.777
Puntos IGN,1.7,1.30598,-0.394
Puntos IGN,1.3,1.63545,0.335
Puntos IGN,1.5,1.6835,0.184
Puntos IGN,1.4,1.71745,0.317
Puntos IGN,2.1,1.53763,-0.562
Puntos IGN,1.3,1.48568,0.186
Puntos IGN,1.8,1.58202,-0.218
Puntos IGN,2.1,1.4905,-0.61
Puntos IGN,1.4,1.25722,-0.143
Puntos IGN,1.8,1.18756,-0.612
Puntos IGN,1.6,1.38437,-0.216
Puntos IGN,1.6,1.34557,-0.254
Puntos IGN,1.6,1.33757,-0.262
Puntos IGN,1.6,2.41407,0.814
Puntos IGN,1.8,2.09248,0.292
Puntos IGN,1.8,1.47385,-0.326
Puntos IGN,1.6,2.01484,0.415
Puntos IGN,2,2.95726,0.957
Puntos IGN,2.1,2.17208,0.072
Puntos IGN,3.1,2.87481,-0.225
Puntos IGN,3,2.67591,-0.324
Puntos IGN,1.5,2.30511,0.805
Puntos IGN,1.6,2.69589,1.096
Puntos IGN,2.7,2.90436,0.204
Puntos IGN,2,2.71736,0.717
Puntos IGN,1.7,2.09296,0.393
Puntos IGN,1.6,2.05179,0.452
Puntos IGN,1.9,2.63768,0.738
Puntos IGN,1.9,2.5226,0.623
Puntos IGN,1.6,2.74059,1.141
Puntos IGN,1.8,1.64363,-0.156
Puntos IGN,1.8,1.67177,-0.128
Puntos IGN,1.2,1.55285,0.353
Puntos IGN,2.6,1.77012,-0.83
Puntos IGN,2.6,1.71132,-0.889
Puntos IGN,2.2,2.06581,-0.134
Puntos IGN,1.6,1.86607,0.266
Puntos IGN,1.8,1.66296,-0.137
Puntos IGN,1.7,2.00964,0.31
Puntos IGN,2.1,1.59367,-0.506
Puntos IGN,1.9,1.93061,0.031
Puntos IGN,3.3,3.16437,-0.136
Puntos IGN,2.5,2.02753,-0.472
Puntos IGN,3.2,1.91792,-1.282
Puntos IGN,2.46,2.72543,0.265
Puntos IGN,2.6,1.75998,-0.84
Puntos IGN,2.3,2.02931,-0.271
Puntos IGN,2.4,2.86709,0.467
Puntos IGN,2.6,2.51217,-0.088
Puntos IGN,2.6,2.6424,0.042
Puntos IGN,2.4,1.99825,-0.402
Puntos IGN,1.9,2.09827,0.198
Puntos IGN,2.8,2.7356,-0.064
Puntos IGN,3,2.51733,-0.483
Puntos IGN,3,3.16491,0.165
Puntos IGN,2.4,1.90197,-0.498
Puntos IGN,2.6,1.70041,-0.9
Puntos IGN,2.8,2.72541,-0.075
Puntos IGN,1.9,2.92351,1.024
Puntos IGN,2.6,2.69838,0.098
Puntos IGN,1.9,2.17243,0.272
Puntos IGN,2.8,2.07332,-0.727
Puntos IGN,3.3,2.04935,-1.251
Puntos IGN,1.77,2.54005,0.77
Puntos IGN,2.3,2.80907,0.509
Puntos IGN,2.7,1.84153,-0.858
Puntos IGN,2.7,2.0055,-0.695
Puntos IGN,2.7,1.84032,-0.86
Puntos IGN,2.6,2.51024,-0.09
Puntos IGN,2.2,1.75191,-0.448
Puntos IGN,2.8,1.39728,-1.403
Puntos IGN,2.7,1.93923,-0.761
Puntos IGN,2.7,2.95089,0.251
Puntos IGN,2,1.62087,-0.379
Puntos IGN,2.2,2.04046,-0.16
Puntos IGN,2.4,1.82391,-0.576
Puntos IGN,1.9,1.9483,0.048
Puntos IGN,1.6,1.36902,-0.231
Puntos IGN,1.4,1.52912,0.129
Puntos IGN,1.6,1.64902,0.049
Puntos IGN,1.6,1.4556,-0.144
Puntos IGN,1.5,2.11946,0.619
Puntos IGN,1.7,1.38836,-0.312
Puntos IGN,1.6,1.55556,-0.044
Puntos IGN,1.6,1.70249,0.102
Puntos IGN,2.2,1.23198,-0.968
Puntos IGN,1.3,0.8901,-0.41
Puntos IGN,1.8,1.29064,-0.509
Puntos IGN,2.6,1.88153,-0.718
Puntos IGN,1.2,0.9821,-0.218
Puntos IGN,1.4,1.30375,-0.096
Puntos IGN,1.6,1.99423,0.394
Puntos IGN,1.6,0.68419,-0.916
Puntos IGN,1.9,0.81433,-1.086
Puntos IGN,2,0.97561,-1.024
Puntos IGN,1.8,1.68846,-0.112
Puntos IGN,1.4,1.02183,-0.378
Puntos IGN,1.5,1.91528,0.415
Puntos IGN,1.5,1.27016,-0.23
Puntos IGN,1.2,1.27121,0.071
Puntos IGN,1.2,1.25915,0.059
Puntos IGN,2.9,1.43849,-1.462
Puntos IGN,2.1,1.02949,-1.071
Puntos IGN,1.7,1.61636,-0.084
Puntos IGN,1.4,2.07894,0.679
Puntos IGN,1.6,1.26929,-0.331
Puntos IGN,2.3,1.10846,-1.192
Puntos IGN,1.1,1.60209,0.502
Puntos IGN,1.8,1.40122,-0.399
Puntos IGN,1.3,1.72845,0.428
Puntos IGN,1.6,1.57099,-0.029
Puntos IGN,2.4,1.41492,-0.985
Puntos IGN,1.9,1.3648,-0.535
Puntos IGN,2,1.34917,-0.651
Puntos IGN,2.3,1.32466,-0.975
Puntos IGN,1.6,1.61123,0.011
Puntos IGN,1.6,1.2107,-0.389
RTK INA,1.355,1.22597,-0.129
RTK INA,2.27,2.07504,-0.195
RTK INA,5.063,4.57287,-0.59
RTK INA,1.905,2.24279,0.338
RTK INA,2.177,1.71715,-0.46
RTK INA,2.124,1.78088,-0.343
RTK INA,1.9,1.53852,-0.361
RTK INA,1.658,1.59044,-0.068
RTK INA,2.056,1.31516,-0.741
RTK INA,1.98,1.58064,-0.399
RTK INA,2.398,0.78582,-1.612
RTK INA,2.298,1.63402,-0.664
Puntos IGN,10,9.22921,-0.771
Puntos IGN,10,5.08806,-4.912
RTK INA,2.008,1.22934,-0.779
RTK INA,1.968,2.73725,0.769
Puntos IGN,10,7.12,-2.88
Puntos IGN,6.4,4.57713,-1.823
Puntos IGN,10,6.9421,-3.058
Puntos IGN,10,7.90113,-2.099
Puntos IGN,6.6,4.98652,-1.613
Puntos IGN,6.6,5.05771,-1.542
Puntos IGN,5.5,4.74209,-0.758
Puntos IGN,5.9,4.84434,-1.056
Puntos IGN,6.3,5.38218,-0.918
Puntos IGN,6.4,5.10143,-1.299
Puntos IGN,4.9,4.61138,-0.289
Puntos IGN,4.2,4.57438,0.374
Puntos IGN,6,5.23447,-0.766
Puntos IGN,5.3,4.87635,-0.424
Puntos IGN,6.8,5.12422,-1.676
Puntos IGN,6.3,5.73083,-0.569
Puntos IGN,6,5.3886,-0.611
Puntos IGN,5.8,5.02503,-0.775
Puntos IGN,5.8,5.19603,-0.604
Puntos IGN,5.9,5.50506,-0.395
Puntos IGN,5.4,4.8096,-0.59
Puntos IGN,5.7,5.15215,-0.548
Puntos IGN,6.1,4.95671,-1.143
Puntos IGN,5.5,4.98255,-0.517
Puntos IGN,4.8,4.71215,-0.088
Puntos IGN,5,4.80063,-0.199
Puntos IGN,5.6,5.278,-0.322
Puntos IGN,5.1,4.69652,-0.403
Puntos IGN,6.5,5.5595,-0.941
Puntos IGN,7.4,5.57942,-1.821
Puntos IGN,5.4,4.87291,-0.527
Puntos IGN,5,4.83272,-0.167
Puntos IGN,6.9,5.56672,-1.333
Puntos IGN,7,5.53581,-1.464
Puntos IGN,6.6,5.74656,-0.853
Puntos IGN,7.4,5.85443,-1.546
Puntos IGN,7.5,5.90862,-1.591
Puntos IGN,7,5.45755,-1.542
Puntos IGN,6.8,5.54375,-1.256
Puntos IGN,6.5,5.92211,-0.578
Puntos IGN,6.2,5.09147,-1.109
Puntos IGN,6.5,5.37373,-1.126
Puntos IGN,5,5.35567,0.356
Puntos IGN,6.4,5.18275,-1.217
Puntos IGN,6.7,4.91458,-1.785
Puntos IGN,6.4,5.7051,-0.695
Puntos IGN,6.4,5.36262,-1.037
Puntos IGN,6.6,5.46093,-1.139
Puntos IGN,5,5.17793,0.178
Puntos IGN,6.6,5.68396,-0.916
Puntos IGN,6,5.23115,-0.769
Puntos IGN,5.7,4.99405,-0.706
Puntos IGN,7.7,5.89013,-1.81
Puntos IGN,8.5,5.90762,-2.592
Puntos IGN,7,5.85309,-1.147
Puntos IGN,7.4,6.29086,-1.109
Puntos IGN,7.1,6.26837,-0.832
Puntos IGN,7.1,6.16111,-0.939
Puntos IGN,8.2,6.02912,-2.171
Puntos IGN,9.3,6.10127,-3.199
Puntos IGN,7.4,6.5432,-0.857
Puntos IGN,7.7,6.7221,-0.978
Puntos IGN,7.6,6.07928,-1.521
Puntos IGN,8,6.33077,-1.669
Puntos IGN,8.3,6.82573,-1.474
Puntos IGN,5.8,6.25688,0.457
Puntos IGN,8.5,6.47483,-2.025
Puntos IGN,7.6,6.69766,-0.902
Puntos IGN,7.7,6.54106,-1.159
Puntos IGN,7.8,5.98139,-1.819
Puntos IGN,9.6,5.02166,-4.578
Puntos IGN,7.4,6.03616,-1.364
Puntos IGN,7.6,6.62383,-0.976
Puntos IGN,7.7,6.35376,-1.346
Puntos IGN,8.1,5.86373,-2.236
Puntos IGN,7.6,6.82017,-0.78
Puntos IGN,9.2,6.48043,-2.72
Puntos IGN,9,7.69637,-1.304
Puntos IGN,6.8,7.1371,0.337
Puntos IGN,8.4,6.36164,-2.038
Puntos IGN,7.6,6.65968,-0.94
Puntos IGN,7.9,6.48256,-1.417
Puntos IGN,9.3,7.24358,-2.056
Puntos IGN,8.9,7.3887,-1.511
Puntos IGN,7.4,6.76082,-0.639
Puntos IGN,7.2,7.16485,-0.035
Puntos IGN,7.4,5.83646,-1.564
Puntos IGN,7.7,6.20238,-1.498
Puntos IGN,7.7,4.94835,-2.752
Puntos IGN,7.9,4.59628,-3.304
Puntos IGN,6.8,4.99997,-1.8
Puntos IGN,7.8,4.99224,-2.808
Puntos IGN,6.9,4.83895,-2.061
Puntos IGN,7.4,4.71155,-2.688
Puntos IGN,6.2,4.5984,-1.602
Puntos IGN,6.9,4.46509,-2.435
Puntos IGN,4.3,4.08902,-0.211
Puntos IGN,5.6,4.42844,-1.172
Puntos IGN,6.9,4.19038,-2.71
Puntos IGN,6.8,4.27756,-2.522
Puntos IGN,4,4.1053,0.105
Puntos IGN,4.6,4.2257,-0.374
Puntos IGN,5.4,4.90726,-0.493
Puntos IGN,4.5,4.95468,0.455
Puntos IGN,4.7,4.72965,0.03
Puntos IGN,3.7,5.19164,1.492
Puntos IGN,3.6,3.88064,0.281
Puntos IGN,4.5,4.03784,-0.462
Puntos IGN,5.9,5.04245,-0.858
Puntos IGN,5.3,5.04563,-0.254
Puntos IGN,5.6,4.92591,-0.674
Puntos IGN,5.7,5.17134,-0.529
Puntos IGN,5.8,4.82953,-0.97
Puntos IGN,6,4.85761,-1.142
Puntos IGN,5.5,4.94653,-0.553
Puntos IGN,6.2,4.98338,-1.217
Puntos IGN,5.3,4.78729,-0.513
Puntos IGN,5.5,4.25827,-1.242
Puntos IGN,5.8,4.96335,-0.837
Puntos IGN,5.4,4.6535,-0.747
Puntos IGN,5.5,4.24638,-1.254
Puntos IGN,5.4,4.64855,-0.751
Puntos IGN,5.6,4.12622,-1.474
Puntos IGN,5.2,4.85536,-0.345
Puntos IGN,4.6,4.64849,0.048
Puntos IGN,4.4,4.43662,0.037
Puntos IGN,4.8,4.72595,-0.074
Puntos IGN,4.5,3.85452,-0.645
Puntos IGN,5,4.84509,-0.155
Puntos IGN,4.7,4.9139,0.214
Puntos IGN,4.5,4.38116,-0.119
Puntos IGN,5.3,4.73473,-0.565
Puntos IGN,4.8,4.52638,-0.274
Puntos IGN,4.5,4.67071,0.171
Puntos IGN,4.9,4.89675,-0.003
Puntos IGN,4.6,4.62777,0.028
Puntos IGN,4.9,3.63203,-1.268
Puntos IGN,5,3.91377,-1.086
Puntos IGN,5.35,4.5065,-0.843
Puntos IGN,4.7,4.48105,-0.219
Puntos IGN,4.2,3.9004,-0.3
Puntos IGN,4.4,3.57352,-0.826
Puntos IGN,4.5,4.16916,-0.331
Puntos IGN,4.7,3.46861,-1.231
Puntos IGN,5.4,3.91306,-1.487
Puntos IGN,4,3.60682,-0.393
Puntos IGN,4.1,3.61717,-0.483
Puntos IGN,4.1,3.54949,-0.551
Puntos IGN,4.4,3.73878,-0.661
Puntos IGN,3.6,4.2291,0.629
Puntos IGN,4.3,4.29484,-0.005
Puntos IGN,4.6,3.8288,-0.771
Puntos IGN,4.1,4.93213,0.832
Puntos IGN,4.9,4.50907,-0.391
Puntos IGN,4.7,3.55801,-1.142
Puntos IGN,5.4,4.45769,-0.942
Puntos IGN,6.9,4.62824,-2.272
Puntos IGN,7.7,5.51099,-2.189
Puntos IGN,4.7,4.51853,-0.181
Puntos IGN,4.5,4.80511,0.305
Puntos IGN,4.4,4.29929,-0.101
Puntos IGN,7.2,5.16542,-2.035
Puntos IGN,4.4,4.79298,0.393
Puntos IGN,5.3,5.03817,-0.262
Puntos IGN,5.5,5.08162,-0.418
Puntos IGN,6.5,5.15454,-1.345
Puntos IGN,4.3,4.54408,0.244
Puntos IGN,5.2,5.12754,-0.072
Puntos IGN,3.4,2.82307,-0.577
Puntos IGN,3.5,2.82617,-0.674
Puntos IGN,5.6,5.08424,-0.516
Puntos IGN,5.1,6.86614,1.766
Puntos IGN,3.5,3.19412,-0.306
Puntos IGN,4.4,3.47,-0.93
Puntos IGN,3.4,2.8049,-0.595
Puntos IGN,3.9,3.13254,-0.767
Puntos IGN,3.8,3.05136,-0.749
Puntos IGN,5.1,3.3515,-1.748
Puntos IGN,4,3.18981,-0.81
Puntos IGN,3.7,3.21152,-0.488
Puntos IGN,3.5,3.49267,-0.007
Puntos IGN,2.9,3.52927,0.629
Puntos IGN,3.7,3.01494,-0.685
Puntos IGN,3.6,3.32078,-0.279
Puntos IGN,3.5,2.85479,-0.645
Puntos IGN,3.3,2.88446,-0.416
Puntos IGN,3.1,3.59604,0.496
Puntos IGN,3.4,2.7526,-0.647
Puntos IGN,4.4,2.67248,-1.728
Puntos IGN,4,2.90864,-1.091
Puntos IGN,3.7,2.80099,-0.899
Puntos IGN,3.9,2.82379,-1.076
Puntos IGN,3.2,2.74157,-0.458
Puntos IGN,2.7,2.80589,0.106
Puntos IGN,3.3,2.77286,-0.527
Puntos IGN,3.2,2.78518,-0.415
Puntos IGN,2.8,2.78703,-0.013
Puntos IGN,2.9,3.25546,0.355
Puntos IGN,4.2,3.24567,-0.954
Puntos IGN,2.9,3.23846,0.338
Puntos IGN,3.9,2.94059,-0.959
Puntos IGN,3.9,2.96346,-0.937
Puntos IGN,3.8,3.10997,-0.69
Puntos IGN,3.7,3.15621,-0.544
Puntos IGN,3.3,3.31505,0.015
Puntos IGN,3.1,3.32138,0.221
Puntos IGN,3,2.90289,-0.097
Puntos IGN,3,3.17444,0.174
Puntos IGN,3,3.45753,0.458
Puntos IGN,3,3.33064,0.331
Puntos IGN,3.2,3.29225,0.092
Puntos IGN,3.1,3.17525,0.075
Puntos IGN,3.2,3.2694,0.069
Puntos IGN,2.9,3.37367,0.474
Puntos IGN,3.2,3.31701,0.117
Puntos IGN,2.9,3.23029,0.33
Puntos IGN,3.2,3.45575,0.256
Puntos IGN,3,2.87619,-0.124
Puntos IGN,3.1,3.36104,0.261
Puntos IGN,2.9,3.54301,0.643
Puntos IGN,3,2.96327,-0.037
Puntos IGN,3.2,3.14174,-0.058
Puntos IGN,3,2.72573,-0.274
Puntos IGN,3,2.77151,-0.228
Puntos IGN,3.3,2.84639,-0.454
Puntos IGN,3.2,2.92418,-0.276
Puntos IGN,3.1,2.83255,-0.267
Puntos IGN,3,2.76807,-0.232
Puntos IGN,3.6,3.66721,0.067
Puntos IGN,4.3,3.4882,-0.812
Puntos IGN,2.7,2.98647,0.286
Puntos IGN,3.6,3.11518,-0.485
Puntos IGN,3.2,3.39305,0.193
Puntos IGN,3.4,3.59683,0.197
Puntos IGN,3.4,2.98498,-0.415
Puntos IGN,3.3,3.76909,0.469
Puntos IGN,3.3,3.68551,0.386
Puntos IGN,4.3,3.50131,-0.799
Puntos IGN,4.4,3.28413,-1.116
Puntos IGN,6.1,3.68222,-2.418
Puntos IGN,2.7,2.37317,-0.327
Puntos IGN,1.57,2.3321,0.762
Puntos IGN,8.6,4.84523,-3.755
Puntos IGN,3.1,2.80385,-0.296
Puntos IGN,1.45,1.79078,0.341
Puntos IGN,1.72,1.74974,0.03
Puntos IGN,1.72,2.12729,0.407
Puntos IGN,1.63,2.09032,0.46
Puntos IGN,1.25,1.91005,0.66
Puntos IGN,1.16,1.84585,0.686
Puntos IGN,1.7,1.93414,0.234
Puntos IGN,1.27,2.01814,0.748
Puntos IGN,1.15,2.20323,1.053
Puntos IGN,1.12,2.73795,1.618
Puntos IGN,1.02,1.94141,0.921
Puntos IGN,1.51,2.04327,0.533
Puntos IGN,1.81,1.96489,0.155
Puntos IGN,2.07,1.78709,-0.283
Puntos IGN,1.58,2.32895,0.749
Puntos IGN,1.34,1.96741,0.627
Puntos IGN,1.81,1.96706,0.157
Puntos IGN,2.09,1.89777,-0.192
Puntos IGN,1.64,1.6164,-0.024
Puntos IGN,1.99,2.06742,0.077
Puntos IGN,2.31,1.93705,-0.373
Puntos IGN,2.21,1.91985,-0.29
Puntos IGN,1.55,1.87336,0.323
Puntos IGN,1.8,1.85093,0.051
Puntos IGN,2.58,2.13395,-0.446
Puntos IGN,1.71,2.06801,0.358
Puntos IGN,1.93,1.96476,0.035
Puntos IGN,1.61,1.5609,-0.049
Puntos IGN,1.46,1.7493,0.289
Puntos IGN,2.94,1.64448,-1.296
Puntos IGN,1.47,2.09532,0.625
Puntos IGN,1.5,1.87048,0.37
Puntos IGN,1.51,1.72092,0.211
Puntos IGN,2,1.65977,-0.34
Puntos IGN,3.02,1.67226,-1.348
Puntos IGN,1.92,1.83789,-0.082
Puntos IGN,1.84,1.46045,-0.38
Puntos IGN,1.73,1.67554,-0.054
Puntos IGN,2.11,1.69765,-0.412
Puntos IGN,1.68,1.29064,-0.389
Puntos IGN,1.6,2.55782,0.958
Puntos IGN,1.2,2.72118,1.521
Puntos IGN,2.07,1.54403,-0.526
Puntos IGN,1.616,2.34013,0.724
Puntos IGN,1.78,2.37187,0.592
Puntos IGN,1.75,2.22723,0.477
Puntos IGN,1.63,2.89584,1.266
Puntos IGN,1.71,2.17503,0.465
Puntos IGN,3.2,2.0321,-1.168
Puntos IGN,2.4,2.58861,0.189
Puntos IGN,2.25,2.14818,-0.102
Puntos IGN,2.1,1.54368,-0.556
Puntos IGN,2.2,2.35064,0.151
Puntos IGN,1.9,2.22805,0.328
Puntos IGN,1.9,2.15954,0.26
Puntos IGN,2.3,2.28901,-0.011
Puntos IGN,3.2,2.14832,-1.052
Puntos IGN,2.3,2.13108,-0.169
Puntos IGN,2.9,2.22421,-0.676
Puntos IGN,1.9,2.15186,0.252
Puntos IGN,2,2.14203,0.142
Puntos IGN,2,1.97347,-0.027
Puntos IGN,2.1,2.15778,0.058
Puntos IGN,2.4,2.14203,-0.258
Puntos IGN,2.4,2.11002,-0.29
Puntos IGN,2.2,2.05631,-0.144
Puntos IGN,2.4,2.02526,-0.375
Puntos IGN,2,2.07256,0.073
Puntos IGN,2.3,2.16156,-0.138
Puntos IGN,2.7,2.3181,-0.382
Puntos IGN,1.5,1.92232,0.422
Puntos IGN,1.7,2.1792,0.479
Puntos IGN,2.7,2.28068,-0.419
Puntos IGN,2.3,2.33743,0.037
Puntos IGN,3.6,3.17777,-0.422
Puntos IGN,3.4,3.33101,-0.069
Puntos IGN,2.4,2.13221,-0.268
Puntos IGN,2.1,1.94422,-0.156
Puntos IGN,2.6,2.09104,-0.509
Puntos IGN,2.3,1.83331,-0.467
Puntos IGN,2.1,1.96001,-0.14
Puntos IGN,2.1,1.86131,-0.239
Puntos IGN,2.9,2.13751,-0.762
Puntos IGN,2.3,1.93688,-0.363
Puntos IGN,2.4,1.87463,-0.525
Puntos IGN,2.4,1.94938,-0.451
Puntos IGN,2.1,1.95577,-0.144
Puntos IGN,2.2,2.15382,-0.046
Puntos IGN,3.2,2.94571,-0.254
Puntos IGN,2.6,2.013,-0.587
Puntos IGN,2.1,1.94007,-0.16
Puntos IGN,2,2.22405,0.224
Puntos IGN,1.7,1.93822,0.238
Puntos IGN,1.3,1.95563,0.656
Puntos IGN,2.2,1.96742,-0.233
Puntos IGN,2.3,1.80821,-0.492
Puntos IGN,2.6,2.52755,-0.072
Puntos IGN,2.8,2.31571,-0.484
Puntos IGN,4.9,2.75797,-2.142
Puntos IGN,3,3.28261,0.283
Puntos IGN,2.4,1.97513,-0.425
Puntos IGN,2,1.99273,-0.007
Puntos IGN,2,2.06934,0.069
Puntos IGN,2.4,1.88569,-0.514
Puntos IGN,2.1,1.99747,-0.103
Puntos IGN,2.6,1.89824,-0.702
Puntos IGN,2.3,2.05391,-0.246
Puntos IGN,2.2,1.83966,-0.36
Puntos IGN,2,2.02287,0.023
Puntos IGN,1.9,1.78813,-0.112
Puntos IGN,1.8,1.74344,-0.057
Puntos IGN,2.3,1.88404,-0.416
Puntos IGN,2.2,2.02167,-0.178
Puntos IGN,2.2,1.78689,-0.413
Puntos IGN,2.1,1.93803,-0.162
Puntos IGN,2.1,2.05232,-0.048
Puntos IGN,2,1.98614,-0.014
Puntos IGN,2.4,2.17169,-0.228
Puntos IGN,2.3,2.16125,-0.139
Puntos IGN,2.4,1.97546,-0.425
Puntos IGN,1.7,2.23617,0.536
Puntos IGN,2.6,2.39054,-0.209
Puntos IGN,2.6,2.31001,-0.29
Puntos IGN,2.4,2.07875,-0.321
Puntos IGN,2.1,1.98397,-0.116
Puntos IGN,3.1,2.05242,-1.048
Puntos IGN,3.8,2.24666,-1.553
Puntos IGN,2.6,2.0908,-0.509
Puntos IGN,2,1.78925,-0.211
Puntos IGN,2.2,2.15625,-0.044
Puntos IGN,2.2,1.78925,-0.411
Puntos IGN,2.6,1.91445,-0.686
Puntos IGN,2.3,2.16372,-0.136
Puntos IGN,2.4,1.92826,-0.472
Puntos IGN,1.9,2.09432,0.194
Puntos IGN,2.1,1.95357,-0.146
Puntos IGN,2.2,2.16711,-0.033
Puntos IGN,2.8,2.93568,0.136
Puntos IGN,2.3,2.26357,-0.036
Puntos IGN,2.3,2.4124,0.112
Puntos IGN,1.9,2.17031,0.27
Puntos IGN,2.2,2.16858,-0.031
Puntos IGN,2.6,2.10667,-0.493
Puntos IGN,4,1.81393,-2.186
Puntos IGN,2,1.96715,-0.033
Puntos IGN,2.4,1.82726,-0.573
Puntos IGN,2.2,1.95552,-0.244
Puntos IGN,1.7,2.08379,0.384
Puntos IGN,2.4,2.23112,-0.169
Puntos IGN,2,2.51703,0.517
Puntos IGN,2.2,2.09668,-0.103
Puntos IGN,2.6,2.09602,-0.504
Puntos IGN,3.1,2.30947,-0.791
Puntos IGN,4,2.63876,-1.361
Puntos IGN,3.3,2.35108,-0.949
Puntos IGN,2.7,2.04946,-0.651
Puntos IGN,2.6,2.24499,-0.355
Puntos IGN,2.6,2.28595,-0.314
Puntos IGN,2.9,2.22994,-0.67
Puntos IGN,3,2.30552,-0.694
Puntos IGN,2.8,2.32542,-0.475
Puntos IGN,3.6,2.55807,-1.042
Puntos IGN,2.9,2.27087,-0.629
Puntos IGN,2.8,2.47265,-0.327
Puntos IGN,2.6,2.30028,-0.3
Puntos IGN,2.6,2.34691,-0.253
Puntos IGN,3,2.25512,-0.745
Puntos IGN,3,2.30882,-0.691
Puntos IGN,4,2.24991,-1.75
Puntos IGN,2.6,2.6115,0.011
Puntos IGN,3.7,2.52409,-1.176
Puntos IGN,4.1,2.39482,-1.705
Puntos IGN,4,2.3543,-1.646
Puntos IGN,2.6,2.49203,-0.108
Puntos IGN,2.6,2.52156,-0.078
Puntos IGN,2.6,2.45794,-0.142
Puntos IGN,2.6,2.4109,-0.189
Puntos IGN,2.6,2.38657,-0.213
Puntos IGN,2.6,2.58578,-0.014
Puntos IGN,2.5,2.67464,0.175
Puntos IGN,2.6,2.73442,0.134
Puntos IGN,2.6,2.46084,-0.139
Puntos IGN,2.8,2.434,-0.366
Puntos IGN,2.7,2.8341,0.134
Puntos IGN,2.6,2.5976,-0.002
Puntos IGN,2.7,2.78737,0.087
Puntos IGN,2.6,2.36042,-0.24
Puntos IGN,2.5,2.45495,-0.045
Puntos IGN,2.6,2.5666,-0.033
Puntos IGN,2.8,2.54987,-0.25
Puntos IGN,2.4,2.5666,0.167
Puntos IGN,3.7,2.34799,-1.352
Puntos IGN,2.3,2.01411,-0.286
Puntos IGN,2.4,2.05951,-0.34
Puntos IGN,2.6,1.64083,-0.959
Puntos IGN,2.4,1.76076,-0.639
Puntos IGN,2.3,2.1428,-0.157
Puntos IGN,2,2.16793,0.168
Puntos IGN,2.4,2.15708,-0.243
Puntos IGN,2.7,2.1071,-0.593
Puntos IGN,4.1,2.40396,-1.696
Puntos IGN,2.3,2.37222,0.072
Puntos IGN,2.3,2.14807,-0.152
Puntos IGN,4.1,2.39146,-1.709
Puntos IGN,2.3,2.15873,-0.141
Puntos IGN,2.6,2.17911,-0.421
Puntos IGN,2.6,2.59689,-0.003
Puntos IGN,2.9,2.22283,-0.677
Puntos IGN,2.4,2.46482,0.065
Puntos IGN,3.8,2.44525,-1.355
Puntos IGN,2.8,2.2843,-0.516
Puntos IGN,3.3,2.87584,-0.424
Puntos IGN,2.3,2.15518,-0.145
Puntos IGN,2.6,2.11952,-0.48
Puntos IGN,2.6,2.05818,-0.542
Puntos IGN,2.6,2.10934,-0.491
Puntos IGN,2.8,2.22919,-0.571
Puntos IGN,2.4,2.19354,-0.206
Puntos IGN,2.6,2.25598,-0.344
Puntos IGN,2.7,2.32794,-0.372
Puntos IGN,2.6,2.46427,-0.136
Puntos IGN,2.7,2.36466,-0.335
Puntos IGN,2.6,2.16044,-0.44
Puntos IGN,2.8,2.26076,-0.539
Puntos IGN,3.4,2.5812,-0.819
Puntos IGN,2.6,2.40701,-0.193
Puntos IGN,4.6,2.2703,-2.33
Puntos IGN,3.6,2.68361,-0.916
Puntos IGN,2.8,2.46998,-0.33
Puntos IGN,3.1,2.31882,-0.781
Puntos IGN,2.6,2.11925,-0.481
Puntos IGN,2.6,2.25776,-0.342
Puntos IGN,2.8,2.67722,-0.123
Puntos IGN,2.2,2.33769,0.138
Puntos IGN,3.2,1.92879,-1.271
Puntos IGN,1.9,2.03441,0.134
Puntos IGN,2.3,2.69648,0.396
Puntos IGN,4.9,5.70367,0.804
Puntos IGN,1.9,2.12922,0.229
Puntos IGN,2.2,2.07842,-0.122
Puntos IGN,3.6,2.85042,-0.75
Puntos IGN,2.8,2.31487,-0.485
Puntos IGN,5.8,5.51152,-0.288
Puntos IGN,2.9,2.33977,-0.56
Puntos IGN,2.6,2.26716,-0.333
Puntos IGN,3.4,2.42441,-0.976
Puntos IGN,1.9,2.05527,0.155
Puntos IGN,2.3,2.20559,-0.094
Puntos IGN,2.4,2.16465,-0.235
Puntos IGN,2,1.95272,-0.047
Puntos IGN,2.9,2.05619,-0.844
Puntos IGN,2.2,1.84194,-0.358
Puntos IGN,2.7,1.42508,-1.275
Puntos IGN,2,1.39902,-0.601
Puntos IGN,1.8,1.30045,-0.5
Puntos IGN,1.6,1.27252,-0.327
Puntos IGN,2.9,1.62242,-1.278
Puntos IGN,1.8,1.45474,-0.345
Puntos IGN,1.3,1.54017,0.24
Puntos IGN,1.9,1.7162,-0.184
Puntos IGN,1.6,1.44781,-0.152
Puntos IGN,2.2,1.49935,-0.701
Puntos IGN,2.1,1.49727,-0.603
Puntos IGN,1.8,1.36728,-0.433
Puntos IGN,2.5,1.79418,-0.706
Puntos IGN,1.9,1.89567,-0.004
Puntos IGN,2.2,1.36814,-0.832
Puntos IGN,1.8,1.5985,-0.202
Puntos IGN,2,2.7942,0.794
Puntos IGN,1.9,3.82538,1.925
Puntos IGN,2.9,2.39337,-0.507
Puntos IGN,2.2,2.85581,0.656
Puntos IGN,2.4,3.04686,0.647
Puntos IGN,1.7,2.68114,0.981
Puntos IGN,2.3,2.6556,0.356
Puntos IGN,1.8,2.24778,0.448
Puntos IGN,2.9,3.27215,0.372
Puntos IGN,2.4,3.09759,0.698
Puntos IGN,2.1,2.89939,0.799
Puntos IGN,2.8,2.09484,-0.705
Puntos IGN,2.1,2.06735,-0.033
Puntos IGN,1.8,1.63854,-0.161
Puntos IGN,2.6,3.2095,0.609
Puntos IGN,2.9,3.48852,0.589
Puntos IGN,2.1,3.21636,1.116
Puntos IGN,2,1.53386,-0.466
Puntos IGN,2.2,2.79194,0.592
Puntos IGN,1.9,2.97221,1.072
Puntos IGN,2.3,1.89242,-0.408
Puntos IGN,1.6,2.38849,0.788
Puntos IGN,2.4,2.16854,-0.231
Puntos IGN,1.6,2.59214,0.992
Puntos IGN,2,2.66972,0.67
Puntos IGN,2.7,2.94679,0.247
Puntos IGN,1.6,2.75314,1.153
Puntos IGN,2.1,2.88564,0.786
Puntos IGN,2.5,2.29168,-0.208
Puntos IGN,2.4,2.49273,0.093
Puntos IGN,2.7,2.65602,-0.044
Puntos IGN,2.7,2.60891,-0.091
Puntos IGN,3,2.95015,-0.05
Puntos IGN,2.2,3.36856,1.169
Puntos IGN,2.5,2.79751,0.298
Puntos IGN,2.6,2.2331,-0.367
Puntos IGN,1.6,1.44433,-0.156
Puntos IGN,1.7,1.29296,-0.407
Puntos IGN,2.4,2.84341,0.443
Puntos IGN,2,2.47046,0.47
Puntos IGN,1.8,1.51585,-0.284
Puntos IGN,1.4,2.04808,0.648
Puntos IGN,1.3,1.80688,0.507
Puntos IGN,1.3,1.22469,-0.075
Puntos IGN,1.1,2.22376,1.124
Puntos IGN,1.6,2.09427,0.494
Puntos IGN,2,2.11057,0.111
Puntos IGN,1.6,2.10907,0.509
Puntos IGN,1.6,1.76778,0.168
Puntos IGN,1.6,2.17161,0.572
Puntos IGN,1.6,1.73278,0.133
Puntos IGN,1.9,1.71729,-0.183
Puntos IGN,2.1,1.63432,-0.466
Puntos IGN,2,1.56054,-0.439
Puntos IGN,1.6,2.24197,0.642
Puntos IGN,1.4,1.80447,0.404
Puntos IGN,1.7,2.0604,0.36
Puntos IGN,2.1,1.70775,-0.392
Puntos IGN,1.7,1.54733,-0.153
Puntos IGN,1.6,1.22052,-0.379
Puntos IGN,1.4,1.89128,0.491
Puntos IGN,1.3,2.52996,1.23
Puntos IGN,2,1.80866,-0.191
Puntos IGN,1.8,1.76958,-0.03
Puntos IGN,1.2,0.89177,-0.308
Puntos IGN,1.5,1.02241,-0.478
Puntos IGN,1.3,2.53452,1.235
Puntos IGN,1.5,1.72118,0.221
Puntos IGN,1.8,1.90726,0.107
Puntos IGN,1.7,1.88764,0.188
Puntos IGN,2.2,2.09222,-0.108
Puntos IGN,1.3,1.9749,0.675
Puntos IGN,2.2,1.16827,-1.032
Puntos IGN,1.4,0.78849,-0.612
Puntos IGN,1.8,0.73168,-1.068
Puntos IGN,1.2,0.54569,-0.654
Puntos IGN,1.2,0.26053,-0.939
Puntos IGN,2.1,0.97142,-1.129
Puntos IGN,1.6,0.35543,-1.245
Puntos IGN,2.3,0.20152,-2.098
Puntos IGN,2.2,1.65836,-0.542
Puntos IGN,2.3,1.55607,-0.744
Puntos IGN,2.1,1.34192,-0.758
Puntos IGN,1.8,1.4312,-0.369
Puntos IGN,1.6,2.07321,0.473
Puntos IGN,1.6,1.93018,0.33
Puntos IGN,1.9,1.89813,-0.002
Puntos IGN,1.6,2.25715,0.657
Puntos IGN,1.9,1.34568,-0.554
Puntos IGN,1.7,1.34216,-0.358
Puntos IGN,1.7,1.82331,0.123
Puntos IGN,1.3,1.95012,0.65
Puntos IGN,1.8,1.63645,-0.164
Puntos IGN,1.5,2.10631,0.606
Puntos IGN,1,1.58295,0.583
Puntos IGN,1.1,1.35232,0.252
Puntos IGN,1.1,1.38604,0.286
Puntos IGN,1.1,1.54638,0.446
Puntos IGN,1.4,1.8264,0.426
Puntos IGN,1.8,1.45974,-0.34
Puntos IGN,1.4,1.85048,0.45
Puntos IGN,1.8,1.96246,0.162
Puntos IGN,1.1,0.80556,-0.294
Puntos IGN,1.1,1.00162,-0.098
Puntos IGN,1.7,1.08665,-0.613
Puntos IGN,2.2,1.14585,-1.054
Puntos IGN,1.9,1.40961,-0.49
Puntos IGN,1.9,1.67278,-0.227
Puntos IGN,1.8,1.76078,-0.039
Puntos IGN,1.4,1.96388,0.564
Puntos IGN,1.4,1.11277,-0.287
Puntos IGN,1.6,1.97985,0.38
Puntos IGN,2.5,1.54241,-0.958
Puntos IGN,2,1.71092,-0.289
Puntos IGN,1.8,1.30841,-0.492
Puntos IGN,1.6,1.16143,-0.439
Puntos IGN,1.7,1.94325,0.243
Puntos IGN,2.3,1.64434,-0.656
Puntos IGN,1.9,1.83664,-0.063
Puntos IGN,2.2,1.93544,-0.265
Puntos IGN,1.3,0.6264,-0.674
Puntos IGN,1.4,0.56949,-0.831
Puntos IGN,2.3,1.00159,-1.298
Puntos IGN,2.1,0.8306,-1.269
Puntos IGN,1.7,1.20589,-0.494
Puntos IGN,1.7,1.68482,-0.015
Puntos IGN,1.7,0.68118,-1.019
Puntos IGN,1.9,0.9818,-0.918
Puntos IGN,1.8,1.35085,-0.449
Puntos IGN,1.6,1.36043,-0.24
Puntos IGN,2.1,1.06387,-1.036
Puntos IGN,2,1.4398,-0.56
Puntos IGN,2.1,0.77849,-1.322
Puntos IGN,1.7,0.6677,-1.032
Puntos IGN,1.85,1.38131,-0.469
Puntos IGN,1.5,1.42901,-0.071
Puntos IGN,2.2,1.12181,-1.078
Puntos IGN,1.9,1.42446,-0.476
Puntos IGN,2.1,1.04613,-1.054
Puntos IGN,2,1.2596,-0.74
Puntos IGN,1.4,1.11232,-0.288
Puntos IGN,1.8,0.90887,-0.891
Puntos IGN,1.8,1.66697,-0.133
Puntos IGN,1.8,1.69976,-0.1
Puntos IGN,2.4,1.47401,-0.926
Puntos IGN,2.2,0.97812,-1.222
Puntos IGN,2.1,1.67544,-0.425
Puntos IGN,2,1.17789,-0.822
Puntos IGN,1.4,1.11645,-0.284
Puntos IGN,1.9,2.10889,0.209
Puntos IGN,1.5,1.09708,-0.403
Puntos IGN,1.5,1.03392,-0.466
Puntos IGN,1.7,1.37127,-0.329
Puntos IGN,1.6,1.70992,0.11
Puntos IGN,1.9,1.77489,-0.125
Puntos IGN,1.9,1.81899,-0.081
Puntos IGN,1.5,1.0262,-0.474
Puntos IGN,1.9,2.51528,0.615
Puntos IGN,2.4,1.10892,-1.291
Puntos IGN,2.4,0.78393,-1.616
Puntos IGN,1.4,1.89851,0.499
Puntos IGN,1.9,2.08917,0.189
Puntos IGN,1.1,1.34625,0.246
Puntos IGN,1.4,1.8518,0.452
Puntos IGN,1.5,2.2432,0.743
Puntos IGN,1.8,2.61082,0.811
Puntos IGN,1.3,2.111,0.811
Puntos IGN,1.4,1.74564,0.346
Puntos IGN,1.3,2.09732,0.797
Puntos IGN,1.5,1.73171,0.232
Puntos IGN,1.2,2.32364,1.124
Puntos IGN,1.6,2.15473,0.555
Puntos IGN,1.7,1.51554,-0.184
Puntos IGN,1.4,1.8343,0.434
Puntos IGN,2.2,2.15734,-0.043
Puntos IGN,2.1,2.10477,0.005
Puntos IGN,1.11,2.05512,0.945
Puntos IGN,1.4,2.15836,0.758
Puntos IGN,1.55,1.91208,0.362
Puntos IGN,1.5,1.66408,0.164
Puntos IGN,1.2,1.12199,-0.078
Puntos IGN,1.6,1.37871,-0.221
Puntos IGN,1.4,2.379,0.979
Puntos IGN,1.7,1.55972,-0.14
Puntos IGN,1.3,2.31067,1.011
Puntos IGN,1.1,1.34625,0.246
Puntos IGN,2,2.05849,0.058
Puntos IGN,1.3,2.44427,1.144
Puntos IGN,1.6,2.06726,0.467
Puntos IGN,1.7,1.97268,0.273
Puntos IGN,1.4,1.86263,0.463
Puntos IGN,1,1.36764,0.368
Puntos IGN,2.2,2.79265,0.593
Puntos IGN,2.17,2.82912,0.659
Puntos IGN,1.1,1.49164,0.392
Puntos IGN,1,1.75947,0.759
Puntos IGN,6.9,5.41218,-1.488
Puntos IGN,7.2,3.24031,-3.96
Puntos IGN,0.7,1.70974,1.01
Puntos IGN,1.8,1.55614,-0.244
Puntos IGN,4.9,3.09008,-1.81
Puntos IGN,2.4,2.91184,0.512
Puntos IGN,3.9,1.7395,-2.161
Puntos IGN,1,2.05492,1.055
Puntos IGN,5.9,4.94616,-0.954
Puntos IGN,2.3,1.84368,-0.456
Puntos IGN,8.6,6.94821,-1.652
Puntos IGN,6.1,4.38806,-1.712
Puntos IGN,3.4,3.02592,-0.374
Puntos IGN,2.6,2.9705,0.37
Puntos IGN,6.8,4.89139,-1.909
Puntos IGN,5.7,3.25261,-2.447
Puntos IGN,2.6,3.07325,0.473
Puntos IGN,3.2,2.82353,-0.376
Puntos IGN,2.5,2.82254,0.323
Puntos IGN,5.7,5.56733,-0.133
Puntos IGN,9.7,6.59445,-3.106
Puntos IGN,1.3,4.03089,2.731
Puntos IGN,3.8,3.05135,-0.749
Puntos IGN,3.1,3.05968,-0.04
Puntos IGN,2.3,2.62794,0.328
Puntos IGN,4.2,3.23051,-0.969
Puntos IGN,5,4.09213,-0.908
Puntos IGN,3,2.74803,-0.252
Puntos IGN,4.8,3.79576,-1.004
Puntos IGN,2.5,2.18342,-0.317
Puntos IGN,4.1,4.13942,0.039
Puntos IGN,6.7,5.74305,-0.957
Puntos IGN,4,3.8533,-0.147
Puntos IGN,3,2.61958,-0.38
Puntos IGN,5.9,4.08376,-1.816
Puntos IGN,5.5,2.84802,-2.652
Puntos IGN,4.4,3.6567,-0.743
Puntos IGN,2,1.79532,-0.205
Puntos IGN,4.7,2.44585,-2.254
Puntos IGN,7.8,8.3008,0.501
Puntos IGN,9.5,6.08108,-3.419
Puntos IGN,9.6,6.19716,-3.403
Puntos IGN,1.9,1.44228,-0.458
Puntos IGN,2.2,1.6289,-0.571
Relevamiento Victoria,7.245,7.37736,0.132
Relevamiento Victoria,5.989,5.95769,-0.031
Relevamiento Victoria,7.006,6.75379,-0.252
Relevamiento Victoria,6.075,6.32314,0.248
Relevamiento Victoria,6.756,5.69155,-1.064
Relevamiento Victoria,4.829,5.41016,0.581
Relevamiento Victoria,6.501,5.87138,-0.63
Relevamiento Victoria,6.518,6.06119,-0.457
Relevamiento Victoria,5.633,5.44081,-0.192
Relevamiento Victoria,6.786,5.49685,-1.289
Relevamiento Victoria,4.54,5.03391,0.494
Relevamiento Victoria,5.887,5.54682,-0.34
Relevamiento Victoria,5.367,5.47523,0.108
Relevamiento Victoria,6.961,7.08763,0.127
Relevamiento Victoria,6.816,5.49685,-1.319
Relevamiento Victoria,6.475,5.48595,-0.989
Relevamiento Victoria,6.59,6.91505,0.325
Relevamiento Victoria,6.175,6.01399,-0.161
Relevamiento Victoria,6.616,7.38012,0.764
Relevamiento Victoria,7.161,6.79181,-0.369
Relevamiento Victoria,5.312,4.9432,-0.369
Relevamiento Victoria,4.322,5.22195,0.9
Relevamiento Victoria,6.094,5.97343,-0.121
Relevamiento Victoria,5.552,4.94433,-0.608
Relevamiento Victoria,4.282,4.65085,0.369
Relevamiento Victoria,7.616,5.7837,-1.832
Relevamiento Victoria,4.515,4.76953,0.255
Relevamiento Victoria,4.692,4.54765,-0.144
Relevamiento Victoria,6.833,6.31534,-0.518
Relevamiento Victoria,5.784,6.28027,0.496
Relevamiento Victoria,7.162,5.77286,-1.389
Relevamiento Victoria,7.442,6.27555,-1.166
Relevamiento Victoria,6.437,5.06017,-1.377
Relevamiento Victoria,7.473,6.04113,-1.432
Relevamiento Victoria,6.035,6.06574,0.031
Relevamiento Victoria,6.33,6.25547,-0.075
Relevamiento Victoria,7.537,6.22373,-1.313
Relevamiento Victoria,6.294,5.63163,-0.662
Relevamiento Victoria,7.19,6.28286,-0.907
Relevamiento Victoria,6.955,6.33423,-0.621
Relevamiento Victoria,5.155,5.10953,-0.045
Relevamiento Victoria,3.579,5.27101,1.692
Relevamiento Victoria,5.339,5.85543,0.516
Relevamiento Victoria,5.002,5.90768,0.906
Relevamiento Victoria,4.268,5.97116,1.703
Relevamiento Victoria,5.401,5.90713,0.506
Relevamiento Victoria,4.875,5.76243,0.887
Relevamiento Victoria,4.923,5.87573,0.953
Relevamiento Victoria,7.374,6.65579,-0.718
Relevamiento Victoria,5.468,6.2218,0.754
Relevamiento Victoria,6.272,5.94232,-0.33
Relevamiento Victoria,5.053,6.7794,1.726
Relevamiento Victoria,5.313,5.88116,0.568
Relevamiento Victoria,5.437,6.0053,0.568
Relevamiento Victoria,6.536,6.16983,-0.366
Relevamiento Victoria,5.202,5.9416,0.74
Relevamiento Victoria,5.804,6.08897,0.285
Relevamiento Victoria,6.674,6.76961,0.096
Relevamiento Victoria,5.739,5.69452,-0.044
Relevamiento Victoria,6.049,5.97755,-0.071
Relevamiento Victoria,4.27,4.95631,0.686
Relevamiento Victoria,3.86,4.87395,1.014
Relevamiento Victoria,7.153,6.53525,-0.618
Relevamiento Victoria,4.623,5.97272,1.35
Relevamiento Victoria,5.5,4.62743,-0.873
Relevamiento Victoria,4.26,4.57556,0.316
Relevamiento Victoria,4.23,4.60564,0.376
Relevamiento Victoria,4.16,4.62743,0.467
Relevamiento Victoria,3.95,4.53427,0.584
Relevamiento Victoria,4.36,4.72262,0.363
Relevamiento Victoria,4.26,4.8077,0.548
Relevamiento Victoria,5.46,4.8077,-0.652
Relevamiento Victoria,3.96,4.32297,0.363
Relevamiento Victoria,4.23,4.50036,0.27
Relevamiento Victoria,4.42,4.60281,0.183
Relevamiento Victoria,4.73,4.90269,0.173
Relevamiento Victoria,3.87,4.35533,0.485
Relevamiento Victoria,4.75,4.65449,-0.096
Relevamiento Victoria,3.98,4.68729,0.707
Relevamiento Victoria,4.48,4.49517,0.015
Relevamiento Victoria,4.66,5.64295,0.983
Relevamiento Victoria,5.5,5.60012,0.1
Relevamiento Victoria,4.1,4.73096,0.631
Relevamiento Victoria,5.76,5.75459,-0.005
Relevamiento Victoria,5.01,5.08326,0.073
Relevamiento Victoria,5.28,5.07442,-0.206
Relevamiento Victoria,6.07,5.56568,-0.504
Relevamiento Victoria,4.07,5.4925,1.422
Relevamiento Victoria,3.8,4.47202,0.672
Relevamiento Victoria,4.52,4.70209,0.182
Relevamiento Victoria,5.46,5.0234,-0.437
Relevamiento Victoria,4.74,4.59773,-0.142
Relevamiento Victoria,4.47,5.1437,0.674
Relevamiento Victoria,5.92,5.41647,-0.504
Relevamiento Victoria,3.82,4.3415,0.522
Relevamiento Victoria,6.48,5.49321,-0.987
Relevamiento Victoria,5.82,5.13215,-0.688
Relevamiento Victoria,5.79,4.87683,-0.913
Relevamiento Victoria,5.32,5.42636,0.106
Relevamiento Victoria,4.31,5.2846,0.975
Relevamiento Victoria,4.43,4.68811,0.258
Relevamiento Victoria,4.03,4.81999,0.79
Relevamiento Victoria,5.89,4.96223,-0.928
Relevamiento Victoria,4.33,4.66565,0.336
Relevamiento Victoria,6.22,6.00708,-0.213
Relevamiento Victoria,5.49,5.83092,0.341
Relevamiento Victoria,6.23,5.74126,-0.489
Relevamiento Victoria,6.6,6.37974,-0.22
Relevamiento Victoria,6.37,4.92966,-1.44
Relevamiento Victoria,4.69,5.07391,0.384
Relevamiento Victoria,5.14,5.53834,0.398
Relevamiento Victoria,5.34,5.50077,0.161
Relevamiento Victoria,8.517,7.22024,-1.297
Relevamiento Victoria,8.542,7.90771,-0.634
Relevamiento Victoria,5.15,5.26246,0.112
Relevamiento Victoria,4.75,5.23213,0.482
Relevamiento Victoria,9.549,7.74148,-1.808
Relevamiento Victoria,9.49,8.79012,-0.7
Relevamiento Victoria,8.94,8.09977,-0.84
Relevamiento Victoria,8.68,7.06211,-1.618
Relevamiento Victoria,9.059,7.14532,-1.914
Relevamiento Victoria,9.532,7.31104,-2.221
Relevamiento Victoria,10.619,9.12669,-1.492
Relevamiento Victoria,7.707,7.88502,0.178
Relevamiento Victoria,9.135,7.93976,-1.195
Relevamiento Victoria,6.945,7.40652,0.462
Relevamiento Victoria,9.578,7.36127,-2.217
Relevamiento Victoria,7.148,8.33591,1.188
Relevamiento Victoria,7.192,6.79033,-0.402
Relevamiento Victoria,6.077,6.90577,0.829
Relevamiento Victoria,6.655,7.27693,0.622
Relevamiento Victoria,5.552,6.40234,0.85
Relevamiento Victoria,7.972,6.94351,-1.028
Relevamiento Victoria,7.99,7.01178,-0.978
Relevamiento Victoria,10.798,7.78349,-3.015
Relevamiento Victoria,8.648,7.79292,-0.855
Relevamiento Victoria,5.583,5.83846,0.255
Relevamiento Victoria,6.366,6.66001,0.294
Relevamiento Victoria,7.133,6.99952,-0.133
Relevamiento Victoria,6.986,6.54546,-0.441
Relevamiento Victoria,5.563,5.57946,0.016
Relevamiento Victoria,5.05,5.36936,0.319
Relevamiento Victoria,5.534,6.05146,0.517
Relevamiento Victoria,6.123,5.71636,-0.407
Relevamiento Victoria,6.171,5.30246,-0.869
Relevamiento Victoria,5.359,5.30539,-0.054
Relevamiento Victoria,5.992,5.75043,-0.242
Relevamiento Victoria,6.432,5.46243,-0.97
Relevamiento Victoria,4.96,5.14068,0.181
Relevamiento Victoria,4.92,5.01278,0.093
Relevamiento Victoria,5.909,5.20916,-0.7
Relevamiento Victoria,6.079,6.88898,0.81
Puntos IGN,2.5,2.30657,-0.193
Puntos IGN,2.4,2.06981,-0.33
Puntos IGN,1.7,2.04366,0.344
Puntos IGN,2.3,2.04067,-0.259
Puntos IGN,2,2.08865,0.089
Puntos IGN,2.7,2.28952,-0.41
Puntos IGN,2.3,1.75832,-0.542
Puntos IGN,2.2,1.82931,-0.371
Puntos IGN,2.3,2.06708,-0.233
Puntos IGN,2.5,1.86231,-0.638
Puntos IGN,2.6,2.34452,-0.255
Puntos IGN,2.6,2.34363,-0.256
Puntos IGN,2.7,2.39967,-0.3
Puntos IGN,2.4,2.17092,-0.229
Puntos IGN,2.6,1.78064,-0.819
Puntos IGN,2.6,2.43659,-0.163
Puntos IGN,3.1,2.9093,-0.191
Puntos IGN,2.7,2.90048,0.2
Puntos IGN,2.3,2.40522,0.105
Puntos IGN,3.2,3.01997,-0.18
Puntos IGN,5.3,4.31392,-0.986
Puntos IGN,4.7,4.88476,0.185
Puntos IGN,3,2.82767,-0.172
Puntos IGN,6.3,5.22454,-1.075
Puntos IGN,5.9,5.58844,-0.312
Puntos IGN,5.2,5.72749,0.527
Puntos IGN,4.5,3.9592,-0.541
Puntos IGN,3.2,3.50038,0.3
Puntos IGN,3.1,2.28568,-0.814
Puntos IGN,2.6,2.37509,-0.225
Puntos IGN,4.6,3.77788,-0.822
Puntos IGN,4.5,4.09354,-0.406
Puntos IGN,2.6,2.88934,0.289
Puntos IGN,2.7,2.21639,-0.484
Puntos IGN,2.6,2.5541,-0.046
Puntos IGN,2.6,2.48354,-0.116
Puntos IGN,2.6,2.41427,-0.186
Puntos IGN,2.7,2.92115,0.221
Puntos IGN,3.1,2.40635,-0.694
Puntos IGN,4,2.38914,-1.611
Puntos IGN,2.6,2.31707,-0.283
Puntos IGN,3.7,2.29378,-1.406
Puntos IGN,4,2.38947,-1.611
Puntos IGN,2.9,2.21337,-0.687
Puntos IGN,3.9,2.37551,-1.524
Puntos IGN,3.6,2.43738,-1.163
Puntos IGN,3.4,2.40892,-0.991
Puntos IGN,2.6,2.31749,-0.283
Puntos IGN,2.8,2.28355,-0.516
Puntos IGN,3.9,2.47963,-1.42
Puntos IGN,3.6,2.34946,-1.251
Puntos IGN,3,2.31808,-0.682
Puntos IGN,2.6,2.53989,-0.06
Puntos IGN,3.3,2.75714,-0.543
Puntos IGN,3,2.27513,-0.725
Puntos IGN,2.9,2.418,-0.482
Puntos IGN,3.4,2.56165,-0.838
Puntos IGN,3.4,3.03874,-0.361
Puntos IGN,3,2.34767,-0.652
Puntos IGN,3.6,2.25107,-1.349
Puntos IGN,3.1,2.88063,-0.219
Puntos IGN,2.9,2.85962,-0.04
Puntos IGN,3.5,3.0325,-0.467
Puntos IGN,2.8,2.93482,0.135
Puntos IGN,3.9,4.42377,0.524
Puntos IGN,3.3,4.65089,1.351
Puntos IGN,2.7,2.88944,0.189
Puntos IGN,2.9,2.89684,-0.003
Puntos IGN,2.6,2.82139,0.221
Puntos IGN,2.1,1.95683,-0.143
Puntos IGN,3,2.97103,-0.029
Puntos IGN,2.6,2.92512,0.325
Puntos IGN,4,2.16708,-1.833
Puntos IGN,2.6,1.96593,-0.634
Puntos IGN,1.8,1.54799,-0.252
Puntos IGN,4.5,1.78088,-2.719
Puntos IGN,2.2,2.01562,-0.184
Puntos IGN,2.3,2.3588,0.059
Puntos IGN,3.1,1.98306,-1.117
Puntos IGN,2,2.09115,0.091
Puntos IGN,2.6,1.90461,-0.695
Puntos IGN,2.4,2.30657,-0.093
Puntos IGN,2.3,1.9341,-0.366
Puntos IGN,2,1.80444,-0.196
Puntos IGN,2.1,3.01844,0.918
Puntos IGN,2.3,2.67967,0.38
Puntos IGN,2.3,2.30837,0.008
Puntos IGN,2.1,2.28419,0.184
Puntos IGN,2.7,2.57161,-0.128
Puntos IGN,5,4.18297,-0.817
Puntos IGN,2.8,2.62514,-0.175
Puntos IGN,8.1,5.44817,-2.652
Puntos IGN,3.1,2.31187,-0.788
Puntos IGN,5,2.65508,-2.345
Puntos IGN,6,5.28183,-0.718
Puntos IGN,6,4.83244,-1.168
Puntos IGN,5.7,2.13146,-3.569
Puntos IGN,5.8,2.36855,-3.431
Puntos IGN,3.9,3.12461,-0.775
Puntos IGN,4,3.04233,-0.958
Puntos IGN,9.3,5.91186,-3.388
Puntos IGN,1.5,2.20625,0.706
Puntos IGN,1,2.48411,1.484
Puntos IGN,2.3,1.40322,-0.897
Puntos IGN,2.5,2.21548,-0.285
Puntos IGN,1.5,1.56062,0.061
Puntos IGN,4.7,3.98855,-0.711
Puntos IGN,2.7,2.75469,0.055
Puntos IGN,7,5.45717,-1.543
Puntos IGN,3,2.59975,-0.4
Puntos IGN,7,4.20738,-2.793
Puntos IGN,4,4.30494,0.305
Puntos IGN,4,1.92353,-2.076
Puntos IGN,3,2.26945,-0.731
Puntos IGN,6,3.42586,-2.574
Puntos IGN,5,5.04819,0.048
Puntos IGN,2,2.10285,0.103
Puntos IGN,3,1.97213,-1.028
Puntos IGN,3,1.94282,-1.057
Puntos IGN,4,1.64687,-2.353
Puntos IGN,3,1.34693,-1.653
Puntos IGN,2,2.35432,0.354
Puntos IGN,5,2.14168,-2.858
Puntos IGN,2,1.25648,-0.744
Puntos IGN,4,3.84898,-0.151
Puntos IGN,5,4.8966,-0.103
Puntos IGN,2,2.75331,0.753
Puntos IGN,2,1.34963,-0.65
Puntos IGN,3,3.60386,0.604
Puntos IGN,3,2.43753,-0.562
Puntos IGN,4,3.31674,-0.683
Puntos IGN,4,4.02436,0.024
Puntos IGN,5,2.69167,-2.308
Puntos IGN,4,2.57578,-1.424
Puntos IGN,5,2.62204,-2.378
Puntos IGN,4,2.45912,-1.541
Puntos IGN,3,2.67894,-0.321
Puntos IGN,3,2.87979,-0.12
Puntos IGN,4,2.8541,-1.146
Puntos IGN,3,2.78518,-0.215
Puntos IGN,3,2.63557,-0.364
Puntos IGN,3,2.63227,-0.368
Puntos IGN,3,2.87111,-0.129
Puntos IGN,3,2.60321,-0.397
Puntos IGN,4,2.6258,-1.374
Puntos IGN,4,2.36392,-1.636
Puntos IGN,3,2.4893,-0.511
Puntos IGN,3,2.67013,-0.33
Puntos IGN,4,2.54305,-1.457
Puntos IGN,4,2.71866,-1.281
Puntos IGN,3,2.61602,-0.384
Puntos IGN,4,2.62696,-1.373
Puntos IGN,4,2.70482,-1.295
Puntos IGN,4,2.428,-1.572
Puntos IGN,4,2.63244,-1.368
Puntos IGN,4,2.57026,-1.43
Puntos IGN,3,2.4599,-0.54
Puntos IGN,3,2.55147,-0.449
Puntos IGN,3,2.73418,-0.266
Puntos IGN,4,2.60397,-1.396
Puntos IGN,3,2.36444,-0.636
Puntos IGN,3,2.29525,-0.705
Puntos IGN,3,2.28652,-0.713
Puntos IGN,3,2.44075,-0.559
Puntos IGN,3,2.49689,-0.503
Puntos IGN,4,2.63005,-1.37
Puntos IGN,3,2.34118,-0.659
Puntos IGN,3,2.34302,-0.657
Puntos IGN,3,2.5964,-0.404
Puntos IGN,3,2.96185,-0.038
Puntos IGN,3,2.73806,-0.262
Puntos IGN,3,2.70241,-0.298
Puntos IGN,3,2.55013,-0.45
Puntos IGN,4,2.8228,-1.177
Puntos IGN,3,2.93811,-0.062
Puntos IGN,3,2.88274,-0.117
Puntos IGN,3,2.96927,-0.031
Puntos IGN,4,3.08378,-0.916
Puntos IGN,3,2.05972,-0.94
Puntos IGN,3,2.73433,-0.266
Puntos IGN,4,2.65066,-1.349
Puntos IGN,3,2.60043,-0.4
Puntos IGN,3,2.88991,-0.11
Puntos IGN,4,2.9033,-1.097
Puntos IGN,3,2.43048,-0.57
Puntos IGN,3,2.62937,-0.371
Puntos IGN,3,2.80762,-0.192
Puntos IGN,4,2.70312,-1.297
Puntos IGN,3,2.54859,-0.451
Puntos IGN,5,2.56881,-2.431
Puntos IGN,3,2.72982,-0.27
Puntos IGN,3,2.69654,-0.303
Puntos IGN,4,2.44704,-1.553
Puntos IGN,3,2.39862,-0.601
Puntos IGN,2,2.5726,0.573
Puntos IGN,5,2.42812,-2.572
Puntos IGN,3,2.44977,-0.55
Puntos IGN,3,2.45471,-0.545
Puntos IGN,3,2.48026,-0.52
Puntos IGN,3,2.52826,-0.472
Puntos IGN,3,2.36925,-0.631
Puntos IGN,3,2.57553,-0.424
Puntos IGN,3,2.44655,-0.553
Puntos IGN,3,2.37163,-0.628
Puntos IGN,4,2.47121,-1.529
Puntos IGN,3,2.5126,-0.487
Puntos IGN,4,2.67296,-1.327
Puntos IGN,3,2.72685,-0.273
Puntos IGN,3,2.50469,-0.495
Puntos IGN,2,2.82927,0.829
Puntos IGN,3,2.47608,-0.524
Puntos IGN,3,2.68517,-0.315
Puntos IGN,3,2.39126,-0.609
Puntos IGN,2,2.47337,0.473
Puntos IGN,3,2.45876,-0.541
Puntos IGN,3,2.53728,-0.463
Puntos IGN,3,2.53044,-0.47
Puntos IGN,3,2.60925,-0.391
Puntos IGN,3,2.57215,-0.428
Puntos IGN,3,2.65001,-0.35
Puntos IGN,3,2.36072,-0.639
Puntos IGN,3,2.35452,-0.645
Puntos IGN,3,2.40606,-0.594
Puntos IGN,3,2.50911,-0.491
Puntos IGN,3,2.53061,-0.469
Puntos IGN,3,2.58157,-0.418
Puntos IGN,3,2.30944,-0.691
Puntos IGN,3,2.41452,-0.585
Puntos IGN,4,2.64507,-1.355
Puntos IGN,3,3.09024,0.09
Puntos IGN,3,2.76388,-0.236
Puntos IGN,3,2.57183,-0.428
Puntos IGN,3,2.45512,-0.545
Puntos IGN,3,2.34952,-0.65
Puntos IGN,4,2.55376,-1.446
Puntos IGN,3,2.70156,-0.298
Puntos IGN,4,3.47548,-0.525
Puntos IGN,4,3.75577,-0.244
Puntos IGN,4,4.39819,0.398
Puntos IGN,4,4.05819,0.058
Puntos IGN,3.5,3.52224,0.022
Puntos IGN,3.5,2.88653,-0.613
Puntos IGN,4,3.48552,-0.514
Puntos IGN,3.5,3.50385,0.004
Puntos IGN,3,3.23509,0.235
Puntos IGN,3,2.94979,-0.05
Puntos IGN,3.5,3.10089,-0.399
Puntos IGN,3.5,3.17353,-0.326
Relevamiento Victoria,7.9,4.76461,-3.135
Relevamiento Victoria,4.89,4.87128,-0.019
Puntos IGN,3,2.94136,-0.059
Puntos IGN,3,3.06685,0.067
Relevamiento Victoria,7.51,7.54898,0.039
Relevamiento Victoria,7.307,6.09472,-1.212
Relevamiento Victoria,7.93,4.76461,-3.165
Relevamiento Victoria,6.295,6.14965,-0.145
Puntos IGN,3.4,3.42593,0.026
Puntos IGN,4.1,3.35046,-0.75
Puntos IGN,3,3.68743,0.687
Puntos IGN,3.9,4.30148,0.401
Puntos IGN,4.4,3.76549,-0.635
Puntos IGN,4,3.53744,-0.463
Puntos IGN,4.4,3.25998,-1.14
Puntos IGN,4.3,3.51783,-0.782
Puntos IGN,3.5,4.2435,0.744
Puntos IGN,4.4,3.16347,-1.237
Puntos IGN,4.13,3.65971,-0.47
Puntos IGN,3.9,3.61688,-0.283
Puntos IGN,3.3,3.57151,0.272
Puntos IGN,3.2,3.57598,0.376
Puntos IGN,3.4,3.78682,0.387
Puntos IGN,4.5,3.76984,-0.73
Puntos IGN,4,4.71037,0.71
Puntos IGN,4,4.2835,0.284
Puntos IGN,4.2,3.80087,-0.399
Puntos IGN,3.9,4.20496,0.305
Puntos IGN,3.8,3.62025,-0.18
Puntos IGN,4.9,3.9516,-0.948
Puntos IGN,4.2,4.4801,0.28
Puntos IGN,5.3,5.37969,0.08
Puntos IGN,7.4,5.2102,-2.19
Puntos IGN,6.8,5.05926,-1.741
Puntos IGN,3.9,3.93001,0.03
Puntos IGN,4,4.18588,0.186
Puntos IGN,4.8,4.96617,0.166
Puntos IGN,6.7,5.03701,-1.663
Puntos IGN,6.4,5.22446,-1.176
Puntos IGN,6.5,4.80679,-1.693
Puntos IGN,5.9,5.12278,-0.777
Puntos IGN,4.8,5.32059,0.521
Puntos IGN,4.1,4.98731,0.887
Puntos IGN,4.9,4.91692,0.017
Puntos IGN,3.1,3.40533,0.305
Puntos IGN,3.5,3.62228,0.122
Puntos IGN,4.6,5.02373,0.424
Puntos IGN,4.8,5.13625,0.336
Puntos IGN,3.8,3.83823,0.038
Puntos IGN,3.7,3.5199,-0.18
Puntos IGN,3.4,3.52472,0.125
Puntos IGN,3.7,3.93957,0.24
Puntos IGN,3.6,4.05631,0.456
Puntos IGN,3.5,3.37814,-0.122
Puntos IGN,3.9,4.14998,0.25
Puntos IGN,4,4.23876,0.239
Puntos IGN,3.9,3.90969,0.01
Puntos IGN,4.4,4.42811,0.028
Puntos IGN,3.4,3.39937,-0.001
Puntos IGN,3.9,3.65938,-0.241
Puntos IGN,5.5,4.79775,-0.702
Puntos IGN,3.7,4.23092,0.531
Puntos IGN,3.7,4.1673,0.467
Puntos IGN,4.3,4.37499,0.075
Puntos IGN,5.8,5.73682,-0.063
Puntos IGN,4.9,4.96509,0.065
Puntos IGN,4.9,5.10015,0.2
Puntos IGN,4.5,4.92246,0.422
Puntos IGN,3.8,3.9253,0.125
Puntos IGN,3.8,4.14948,0.349
Puntos IGN,5.3,5.40709,0.107
Puntos IGN,5.5,5.00479,-0.495
Puntos IGN,4.2,4.42978,0.23
Puntos IGN,4.4,4.51365,0.114
Puntos IGN,4.2,4.29992,0.1
Puntos IGN,5.7,5.44046,-0.26
Puntos IGN,3,2.85598,-0.144
Puntos IGN,3.2,2.98816,-0.212
Puntos IGN,6.6,4.90257,-1.697
Puntos IGN,3,2.88045,-0.12
Puntos IGN,4.8,4.77702,-0.023
Puntos IGN,5,4.35078,-0.649
Puntos IGN,5.8,5.05062,-0.749
Puntos IGN,7.2,4.63377,-2.566
Puntos IGN,4.4,4.15847,-0.242
Puntos IGN,4.5,4.25871,-0.241
Puntos IGN,5.4,4.46311,-0.937
Puntos IGN,4.2,4.41387,0.214
Puntos IGN,5,4.58693,-0.413
Puntos IGN,4.7,4.33768,-0.362
Puntos IGN,4.5,4.73701,0.237
Puntos IGN,4.9,4.87915,-0.021
Puntos IGN,2.9,2.78151,-0.118
Puntos IGN,3,2.91268,-0.087
Puntos IGN,4.6,4.0578,-0.542
Puntos IGN,3.9,4.01649,0.116
Puntos IGN,5.5,3.229,-2.271
Puntos IGN,4.8,4.27886,-0.521
Puntos IGN,3,3.05713,0.057
Puntos IGN,3.2,5.39094,2.191
Puntos IGN,4.9,4.87078,-0.029
Puntos IGN,5.1,4.90199,-0.198
Puntos IGN,3.9,4.05064,0.151
Puntos IGN,5,3.43561,-1.564
Puntos IGN,4.3,4.78084,0.481
Puntos IGN,4.4,4.66641,0.266
Puntos IGN,4.8,4.86962,0.07
Puntos IGN,3.4,4.52467,1.125
Puntos IGN,4.1,4.20966,0.11
Puntos IGN,4.4,4.20276,-0.197
Puntos IGN,3.9,4.14303,0.243
Puntos IGN,4.3,4.08818,-0.212
Puntos IGN,4.7,4.44792,-0.252
Puntos IGN,4.6,4.60293,0.003
Puntos IGN,4.9,4.59934,-0.301
Puntos IGN,4.8,5.0239,0.224
Puntos IGN,4.6,4.52901,-0.071
Puntos IGN,4.1,4.54689,0.447
Puntos IGN,4.8,4.71248,-0.088
Puntos IGN,4.6,4.05172,-0.548
Puntos IGN,6.2,6.08484,-0.115
Puntos IGN,6,6.071,0.071
Puntos IGN,6,6.04442,0.044
Puntos IGN,6.5,5.94432,-0.556
Puntos IGN,4.5,5.00461,0.505
Puntos IGN,6.3,5.53775,-0.762
Puntos IGN,8.4,6.15104,-2.249
Puntos IGN,5.8,5.19587,-0.604
